Nombre,Precio
Tenis Converse All Star Chuck Taylor Negros Unisex Adultos,"1,299"
Tenis Para Correr Hombre Nike Revolution 8 Negro Hj9198-003,"1,699"
Pantalones Tácticos Para Hombre Senderismo Para Exteriores,259
U Bárbara Pijama Quirúrgica Para Hombre Corte Recto Uniforme,899
Tenis Converse Chuck Taylor All Star Classics Unisex Adultos,"1,299"
,
,
,
,
,
,
,
,
,
,
,
,
,
,
,
Pantalla 55'' Samsung Crystal U8200f 4k Smart Tv (2025),"14,499"
Smart Tv Pantalla 32 Pulgadas Weyon Hd Led Android Tv 32wdsnmx,"3,746"
Jbl Partybox Encore Essential 2 Party Speaker Black,"4,879"
Pantalla Smart Tv Aiwa Roku 43'' Led Full Hd (1080p),"4,899"
Pantalla Smart Tv Aiwa Roku 50 Pulgadas Qled 4k Ultra Hd,"8,499"
,
,
,
,
,
,
,
,
,
,
,
,
,
,
,
Celular Samsung Galaxy A16 128 Gb 4 Gb De Ram 6.7 Gris,"4,949"
Xiaomi Pocophone Xiaomi Poco C85 Dual Sim 256 Gb 8 Gb Color Negro,"3,913"
Celular Xiaomi Pocophone Poco M6 Negro De 8 Gb De Ram 256 Gb De Rom,"3,333"
Moto E15 Dual Sim 64 Gb Violeta 2 Gb Ram,"1,998"
Celular Motorola Moto S50 Neo / G85 5g 256 Gb 12 Gb Ram Color Gris,"4,123"
,
,
,
,
,
,
,
,
,
,
,
,
,
,
,
Monitor Gamer Vedd Cpa0161bk Curvo 24'' Led Negro,"3,532"
Parlante Bluetooth Jbl Flip 7 Resistente Al Agua Y Polvo Ip6 Color Negro,"1,999"
Laptop Hp 14-dq0518la Celeron N4120 Ram 4gb Ssd 128gb W11h Color Plateado,"4,299"
Multifuncional Canon Inalámbrica G3110 Color Negro,"4,199"
Tablet Samsung Galaxy Tab A11 8.7 4gb 64gb Android 15 Gris Oscuro,"3,499"
,
,
,
,
,
,
,
,
,
,
,
,
,
,
,
Tenis Converse All Star Chuck Taylor Negros Unisex Adultos,"1,299"
Tenis Para Correr Hombre Nike Revolution 8 Negro Hj9198-003,"1,699"
"Beyond Vitamins | Magnesio Complex |citrato De Magnesio Polvo, Glicinato De Magnesio, Gluconato De Magnesio Y Óxido De Magnesio | Vitaminas Mujer / Hombre - Magnesium - 180 Cápsulas Sin Sabor",499
"Bicicleta Estática Spinning Pro Neon Rueda De 8 Kg, Pantalla Lcd Para Velocidad, Tiempo, Calorías Y Más, Asiento Y Manubrio Ajustables, Soporta Hasta 120 Kg, Ejercicio Cardio Fitness Gym En Casa","3,499"
Caminadora Eléctrica Caminadora Portátil 14 Km Pantalla Lcd 4 Niveles Inclinación 12 Modos 2 Hp Color Negro,"11,459"
,
,
,
,
,
,
,
,
,
,
,
,
,
,
,
